keyword,cluster,brand,category,location,intent,gsc_clicks,gsc_impressions,gsc_ctr,gsc_position,semrush_volume,semrush_kd,semrush_cpc,serp_evidence,competitor_evidence,existing_url,recommended_url,page_type,commercial_value,conversion_likelihood,opportunity_score,priority,confidence,notes
electrical wires supplier delhi,Delhi NCR wires,,,Delhi,local commercial,,,,,N/A,N/A,N/A,"Local supplier/distributor SERP observed","Tegh Cables; Shree Jee Trading","/category/wires-cables","/category/wires-cables",existing category,High,High,80,P1,High,"GSC export unavailable; enrich category before new page."
electrical cable supplier delhi,Delhi NCR wires,,,Delhi,local commercial,,,,,N/A,N/A,N/A,"Local distributor and directory SERP observed","Tegh Cables; Justdial","/category/wires-cables","/category/wires-cables",existing category,High,High,79,P1,High,"Semantic equivalent cluster; do not split page."
electrical wires bulk quote delhi,Delhi NCR wires,,,Delhi,local commercial,,,,,N/A,N/A,N/A,"Commercial wording inferred from seller SERPs","BRBD; Shree Jee Trading","/category/wires-cables","/category/wires-cables",existing category,High,High,78,P1,Moderate,"Use project/bulk CTA; verify GSC."
polycab wire dealer delhi,Polycab wires,Polycab,Wires & Cables,Delhi,local commercial,,,,,N/A,N/A,N/A,"Specialist and directory results observed","Tegh Cables; BRBD; Justdial","/brand/polycab","/brand/polycab",existing brand,High,High,75,P1,High,"Use separate URL only if GSC proves distinct intent."
polycab cable supplier delhi,Polycab wires,Polycab,Wires & Cables,Delhi,local commercial,,,,,N/A,N/A,N/A,"Distributor-focused SERP observed","Tegh Cables; BRBD","/brand/polycab","/brand/polycab",existing brand,High,High,74,P1,High,"Cross-link to wires category and products."
finolex wire dealer delhi,Finolex wires,Finolex,Wires & Cables,Delhi,local commercial,,,,,N/A,N/A,N/A,"Manufacturer dealer locator and local-seller intent","Finolex dealer locator; local sellers","/brand/finolex","/brand/finolex",existing brand,High,High,74,P1,Moderate,"Authorisation wording requires proof."
finolex wire supplier delhi,Finolex wires,Finolex,Wires & Cables,Delhi,local commercial,,,,,N/A,N/A,N/A,"Local commercial intent hypothesis","Local sellers","/brand/finolex","/brand/finolex",existing brand,High,High,72,P1,Moderate,"Validate in GSC before brand×category page."
mcb dealer delhi,Circuit protection,,Circuit Protection,Delhi,local commercial,,,,,N/A,N/A,N/A,"Local commercial SERP observed","Local suppliers; directories","/category/circuit-protection","/category/circuit-protection",existing category,High,High,78,P1,High,"Improve category before mcb-dealer page."
rccb supplier delhi,Circuit protection,,Circuit Protection,Delhi,local commercial,,,,,N/A,N/A,N/A,"Commercial category intent","Supplier/manufacturer pressure","/category/circuit-protection","/category/circuit-protection",existing category,High,High,76,P1,Moderate,"Include RCCB and RCBO navigation."
rcbo quotation,Circuit protection,,Circuit Protection,Delhi NCR,commercial investigation,,,,,N/A,N/A,N/A,"Product selection intent","Catalogue competitors","/category/circuit-protection","/category/circuit-protection",existing category,High,High,73,P1,Moderate,"Quote CTA needs poles/rating prompt."
modular switches delhi,Modular switches,,Switches & Sockets,Delhi,local commercial,,,,,N/A,N/A,N/A,"Manufacturer, local seller and directory SERP observed","Iconic Industries; Justdial","/category/switches-sockets","/category/switches-sockets",existing category,High,High,77,P1,High,"Differentiate via multibrand compatibility support."
switches and sockets supplier delhi,Modular switches,,Switches & Sockets,Delhi,local commercial,,,,,N/A,N/A,N/A,"Local commercial intent observed","Local manufacturers/sellers","/category/switches-sockets","/category/switches-sockets",existing category,High,High,75,P1,Moderate,"No separate supplier page without GSC."
modular switch plates,Plates,,Plates,Delhi NCR,transactional,,,,,N/A,N/A,N/A,"Direct product-category intent","Manufacturer/catalogue sites","/category/plates","/category/plates",existing category,Medium,Medium,68,P2,Moderate,"Lead with module/series compatibility."
electrical mounting boxes,Mounting boxes,,Mounting Boxes,Delhi NCR,transactional,,,,,N/A,N/A,N/A,"Direct product-category intent","Catalogue sites","/category/boxes","/category/boxes",existing category,Medium,Medium,67,P2,Moderate,"Do not make pages for each size."
lauritz knudsen dealer delhi,LK local dealer,Lauritz Knudsen,Switches & Sockets,Delhi,local commercial,,,,,N/A,N/A,N/A,"Brand-local commercial hypothesis","BRBD mentions LK switchgear","/brand/lauritz-knudsen","/brand/lauritz-knudsen",existing brand,High,High,72,P1,Moderate,"Verify dealer/authorisation claim before publication."
lauritz knudsen switches,LK catalogue,Lauritz Knudsen,Switches & Sockets,India,commercial investigation,,,,,N/A,N/A,N/A,"Brand/product intent","Manufacturer and local sellers","/brand/lauritz-knudsen","/brand/lauritz-knudsen",existing brand,High,High,71,P1,Moderate,"Link stocked switch models."
havells dealer delhi,Havells local dealer,Havells,,Delhi,local commercial,,,,,N/A,N/A,N/A,"Brand-local intent hypothesis","Manufacturer regional presence; local sellers","/brand/havells","/brand/havells",existing brand,High,High,70,P1,Moderate,"Use exact stocked categories only."
havells electrical products,Havells catalogue,Havells,,Delhi NCR,commercial investigation,,,,,N/A,N/A,N/A,"Brand catalogue intent","Manufacturer/catalogue sites","/brand/havells","/brand/havells",existing brand,High,High,69,P2,Moderate,"Do not create a duplicate switches page first."
anchor switches,Anchor catalogue,Anchor,Switches & Sockets,Delhi NCR,commercial investigation,,,,,N/A,N/A,N/A,"Brand-category adjacency","Manufacturer/catalogue sites","/brand/anchor","/brand/anchor",existing brand,High,High,65,P2,Moderate,"Cross-link to switches and plates."
polycab wires,Polycab catalogue,Polycab,Wires & Cables,Delhi NCR,commercial investigation,,,,,N/A,N/A,N/A,"Brand/category SERP validated","Polycab distributors","/brand/polycab","/brand/polycab",existing brand,High,High,73,P1,High,"Optimise existing brand page."
finolex wires,Finolex catalogue,Finolex,Wires & Cables,Delhi NCR,commercial investigation,,,,,N/A,N/A,N/A,"Brand/category SERP validated","Finolex dealer locator","/brand/finolex","/brand/finolex",existing brand,High,High,72,P1,High,"Optimise existing brand page."
water heater geyser,Geysers,,Geysers,Delhi NCR,transactional,,,,,N/A,N/A,N/A,"Direct catalogue intent","Retail/manufacturer SERP likely","/category/geysers","/category/geysers",existing category,Medium,Medium,62,P2,Moderate,"Organise capacity and type."
electrical supplier delhi ncr,Delhi NCR supplier,,,Delhi NCR,local commercial,,,,,N/A,N/A,N/A,"Local seller SERP pattern","BRBD; Shree Jee Trading","/","/electrical-supplier-delhi-ncr",new local commercial,High,High,73,P2,Moderate,"Gated: unique local fulfilment proof only."
polycab wires delhi,Polycab local,Polycab,Wires & Cables,Delhi,local commercial,,,,,N/A,N/A,N/A,"Strong overlap with brand/category","Tegh Cables; BRBD","/brand/polycab","/polycab-wires-delhi",new brand-category,High,High,69,P3,Moderate,"Gated against cannibalisation."
finolex wires delhi,Finolex local,Finolex,Wires & Cables,Delhi,local commercial,,,,,N/A,N/A,N/A,"Potential brand-local distinction","Finolex dealer locator","/brand/finolex","/finolex-wires-delhi",new brand-category,High,High,68,P3,Moderate,"Gated against cannibalisation."
mcb dealer delhi,Circuit protection,,Circuit Protection,Delhi,local commercial,,,,,N/A,N/A,N/A,"Potential distinct local intent","Local suppliers/directories","/category/circuit-protection","/mcb-dealer-delhi",new local commercial,High,High,66,P3,Low,"Only if GSC/SERP shows category cannot own it."
mcb vs rccb,Protection guide,,Circuit Protection,India,informational commercial investigation,,,,,N/A,N/A,N/A,"Informational SERP observed","Technical publishers/manufacturers","/category/circuit-protection","/guides/mcb-vs-rccb",supporting guide,Medium,Medium,60,P2,High,"Expert review mandatory."
how to choose mcb rating,Protection guide,,Circuit Protection,India,informational commercial investigation,,,,,N/A,N/A,N/A,"Informational SERP observed","Technical publishers/manufacturers","/category/circuit-protection","/guides/choose-mcb-rating",supporting guide,Medium,Medium,58,P2,High,"No DIY installation advice."
best wire for house wiring,Wire buying guide,,Wires & Cables,India,informational commercial investigation,,,,,N/A,N/A,N/A,"Competitive guide SERP observed","CablePriceIndia; APAR; MEPWORK","/category/wires-cables","/guides/house-wiring-wire-guide",supporting guide,Medium,Medium,64,P2,High,"Source technical claims; avoid unsupported best-brand list."
frls wire buying guide,Wire buying guide,,Wires & Cables,India,informational commercial investigation,,,,,N/A,N/A,N/A,"Manufacturer/guide content observed","Finolex documentation","/category/wires-cables","/guides/fr-frls-frlsh-wire-checklist",supporting guide,Medium,Medium,61,P2,Moderate,"Technical review mandatory."
how to choose modular switches,Switch buying guide,,Switches & Sockets,India,informational commercial investigation,,,,,N/A,N/A,N/A,"Content/commerce adjacent","Manufacturer/catalogue sites","/category/switches-sockets","/guides/choose-modular-switches",supporting guide,Medium,Medium,59,P2,Moderate,"Link to plates and boxes."
